"","full_dt","period","dt_yr","variable","value","yoy_ho","qoq_ho","ma_ann_right"
"1",1994-01-01,"Q1",1994,"national",63.8,NA,NA,NA
"2",1994-04-01,"Q2",1994,"national",63.8,NA,0,NA
"3",1994-07-01,"Q3",1994,"national",64.1,NA,0.470219435736663,NA
"4",1994-10-01,"Q4",1994,"national",64.2,NA,0.156006240249629,63.975
"5",1995-01-01,"Q1",1995,"national",64.2,0.626959247648906,0,64.075
"6",1995-04-01,"Q2",1995,"national",64.7,1.41065830721003,0.778816199376942,64.3
"7",1995-07-01,"Q3",1995,"national",65,1.4040561622465,0.463678516228749,64.525
"8",1995-10-01,"Q4",1995,"national",65.1,1.4018691588785,0.153846153846149,64.75
"9",1996-01-01,"Q1",1996,"national",65.1,1.4018691588785,0,64.975
"10",1996-04-01,"Q2",1996,"national",65.4,1.08191653786709,0.460829493087567,65.15
"11",1996-07-01,"Q3",1996,"national",65.6,0.923076923076915,0.305810397553508,65.3
"12",1996-10-01,"Q4",1996,"national",65.4,0.460829493087567,-0.304878048780466,65.375
"13",1997-01-01,"Q1",1997,"national",65.4,0.460829493087567,0,65.45
"14",1997-04-01,"Q2",1997,"national",65.7,0.458715596330261,0.458715596330261,65.525
"15",1997-07-01,"Q3",1997,"national",66,0.609756097560976,0.456621004566204,65.625
"16",1997-10-01,"Q4",1997,"national",65.7,0.458715596330261,-0.454545454545452,65.7
"17",1998-01-01,"Q1",1998,"national",65.9,0.764525993883791,0.304414003044151,65.825
"18",1998-04-01,"Q2",1998,"national",66,0.456621004566204,0.151745068285281,65.9
"19",1998-07-01,"Q3",1998,"national",66.8,1.2121212121212,1.2121212121212,66.1
"20",1998-10-01,"Q4",1998,"national",66.4,1.06544901065448,-0.598802395209563,66.275
"21",1999-01-01,"Q1",1999,"national",66.7,1.21396054628224,0.451807228915668,66.475
"22",1999-04-01,"Q2",1999,"national",66.6,0.909090909090904,-0.149925037481269,66.625
"23",1999-07-01,"Q3",1999,"national",67,0.299401197604787,0.600600600600609,66.675
"24",1999-10-01,"Q4",1999,"national",66.9,0.75301204819278,-0.14925373134328,66.8
"25",2000-01-01,"Q1",2000,"national",67.1,0.599700149925031,0.298953662182355,66.9
"26",2000-04-01,"Q2",2000,"national",67.2,0.900900900900914,0.149031296572288,67.05
"27",2000-07-01,"Q3",2000,"national",67.7,1.04477611940299,0.744047619047628,67.225
"28",2000-10-01,"Q4",2000,"national",67.5,0.896860986547066,-0.295420974889227,67.375
"29",2001-01-01,"Q1",2001,"national",67.5,0.596125186289131,0,67.475
"30",2001-04-01,"Q2",2001,"national",67.7,0.744047619047628,0.296296296296306,67.6
"31",2001-07-01,"Q3",2001,"national",68.1,0.590841949778431,0.590841949778431,67.7
"32",2001-10-01,"Q4",2001,"national",68,0.740740740740731,-0.146842878120401,67.825
"33",2002-01-01,"Q1",2002,"national",67.8,0.444444444444447,-0.294117647058822,67.9
"34",2002-04-01,"Q2",2002,"national",68,0.443131462333812,0.294985250737478,67.975
"35",2002-07-01,"Q3",2002,"national",68.4,0.440528634361259,0.588235294117645,68.05
"36",2002-10-01,"Q4",2002,"national",68.6,0.882352941176467,0.2923976608187,68.2
"37",2003-01-01,"Q1",2003,"national",68,0.294985250737478,-0.874635568513116,68.25
"38",2003-04-01,"Q2",2003,"national",67.6,-0.588235294117656,-0.588235294117656,68.15
"39",2003-07-01,"Q3",2003,"national",68,-0.584795321637432,0.591715976331364,68.05
"40",2003-10-01,"Q4",2003,"national",68.3,-0.437317784256552,0.441176470588234,67.975
"41",2004-01-01,"Q1",2004,"national",68.6,0.882352941176467,0.439238653001461,68.125
"42",2004-04-01,"Q2",2004,"national",69.2,2.36686390532546,0.874635568513127,68.525
"43",2004-07-01,"Q3",2004,"national",69,1.47058823529411,-0.289017341040465,68.775
"44",2004-10-01,"Q4",2004,"national",69.2,1.31771595900441,0.289855072463774,69
"45",2005-01-01,"Q1",2005,"national",69.1,0.728862973760935,-0.144508670520238,69.125
"46",2005-04-01,"Q2",2005,"national",68.6,-0.867052023121395,-0.723589001447178,68.975
"47",2005-07-01,"Q3",2005,"national",68.8,-0.289855072463774,0.291545189504383,68.925
"48",2005-10-01,"Q4",2005,"national",69,-0.289017341040465,0.290697674418605,68.875
"49",2006-01-01,"Q1",2006,"national",68.5,-0.868306801736607,-0.724637681159424,68.725
"50",2006-04-01,"Q2",2006,"national",68.7,0.145772594752192,0.291970802919717,68.75
"51",2006-07-01,"Q3",2006,"national",69,0.290697674418605,0.436681222707413,68.8
"52",2006-10-01,"Q4",2006,"national",68.9,-0.144927536231876,-0.144927536231876,68.775
"53",2007-01-01,"Q1",2007,"national",68.4,-0.145985401459847,-0.725689404934693,68.75
"54",2007-04-01,"Q2",2007,"national",68.2,-0.727802037845704,-0.292397660818722,68.625
"55",2007-07-01,"Q3",2007,"national",68.2,-1.15942028985507,0,68.425
"56",2007-10-01,"Q4",2007,"national",67.8,-1.59651669085633,-0.586510263929629,68.15
"57",2008-01-01,"Q1",2008,"national",67.8,-0.877192982456154,0,68
"58",2008-04-01,"Q2",2008,"national",68.1,-0.146627565982416,0.442477876106184,67.975
"59",2008-07-01,"Q3",2008,"national",67.9,-0.439882697947214,-0.293685756240802,67.9
"60",2008-10-01,"Q4",2008,"national",67.5,-0.442477876106195,-0.589101620029464,67.825
"61",2009-01-01,"Q1",2009,"national",67.3,-0.737463126843663,-0.296296296296306,67.7
"62",2009-04-01,"Q2",2009,"national",67.4,-1.02790014684286,0.148588410104034,67.525
"63",2009-07-01,"Q3",2009,"national",67.6,-0.441826215022112,0.296735905044487,67.45
"64",2009-10-01,"Q4",2009,"national",67.2,-0.444444444444436,-0.591715976331353,67.375
"65",2010-01-01,"Q1",2010,"national",67.1,-0.297176820208023,-0.148809523809534,67.325
"66",2010-04-01,"Q2",2010,"national",66.9,-0.741839762611274,-0.298062593144544,67.2
"67",2010-07-01,"Q3",2010,"national",66.9,-1.03550295857987,0,67.025
"68",2010-10-01,"Q4",2010,"national",66.5,-1.04166666666667,-0.597907324364733,66.85
"69",2011-01-01,"Q1",2011,"national",66.4,-1.04321907600594,-0.150375939849612,66.675
"70",2011-04-01,"Q2",2011,"national",65.9,-1.49476831091181,-0.753012048192769,66.425
"71",2011-07-01,"Q3",2011,"national",66.3,-0.896860986547099,0.6069802731411,66.275
"72",2011-10-01,"Q4",2011,"national",66,-0.751879699248126,-0.452488687782804,66.15
"73",2012-01-01,"Q1",2012,"national",65.4,-1.50602409638554,-0.909090909090904,65.9
"74",2012-04-01,"Q2",2012,"national",65.5,-0.606980273141133,0.152905198776754,65.8
"75",2012-07-01,"Q3",2012,"national",65.5,-1.20663650075414,0,65.6
"76",2012-10-01,"Q4",2012,"national",65.4,-0.909090909090904,-0.152671755725187,65.45
"77",2013-01-01,"Q1",2013,"national",65,-0.611620795107037,-0.611620795107037,65.35
"78",2013-04-01,"Q2",2013,"national",65,-0.763358778625955,0,65.225
"79",2013-07-01,"Q3",2013,"national",65.3,-0.305343511450384,0.461538461538447,65.175
"80",2013-10-01,"Q4",2013,"national",65.2,-0.305810397553519,-0.153139356814691,65.125
"81",2014-01-01,"Q1",2014,"national",64.8,-0.307692307692309,-0.613496932515345,65.075
"82",2014-04-01,"Q2",2014,"national",64.7,-0.461538461538458,-0.154320987654311,65
"83",2014-07-01,"Q3",2014,"national",64.4,-1.3782542113323,-0.463678516228738,64.775
"84",2014-10-01,"Q4",2014,"national",64,-1.84049079754601,-0.621118012422373,64.475
"85",2015-01-01,"Q1",2015,"national",63.7,-1.69753086419753,-0.468749999999996,64.2
"86",2015-04-01,"Q2",2015,"national",63.4,-2.00927357032458,-0.47095761381476,63.875
"87",2015-07-01,"Q3",2015,"national",63.7,-1.08695652173914,0.473186119873814,63.7
"88",2015-10-01,"Q4",2015,"national",63.8,-0.312500000000004,0.156985871271575,63.65
"89",2016-01-01,"Q1",2016,"national",63.5,-0.313971742543173,-0.470219435736674,63.6
"90",2016-04-01,"Q2",2016,"national",62.9,-0.788643533123023,-0.944881889763782,63.475
"91",2016-07-01,"Q3",2016,"national",63.5,-0.313971742543173,0.953895071542132,63.425
"92",2016-10-01,"Q4",2016,"national",63.7,-0.156739811912221,0.314960629921268,63.4
"93",2017-01-01,"Q1",2017,"national",63.6,0.157480314960634,-0.156985871271587,63.425
"94",2017-04-01,"Q2",2017,"national",63.7,1.27186009538951,0.15723270440251,63.625
"95",2017-07-01,"Q3",2017,"national",63.9,0.629921259842514,0.313971742543173,63.725
"96",2017-10-01,"Q4",2017,"national",64.2,0.784929356357922,0.469483568075124,63.85
"97",2018-01-01,"Q1",2018,"national",64.2,0.943396226415105,0,64
"98",2018-04-01,"Q2",2018,"national",64.3,0.941915227629497,0.155763239875384,64.15
"99",2018-07-01,"Q3",2018,"national",64.4,0.78247261345854,0.155520995334379,64.275
"100",1994-01-01,"Q1",1994,"under_35_years",37.1,NA,NA,NA
"101",1994-04-01,"Q2",1994,"under_35_years",36.8,NA,-0.808625336927238,NA
"102",1994-07-01,"Q3",1994,"under_35_years",37.5,NA,1.90217391304348,NA
"103",1994-10-01,"Q4",1994,"under_35_years",38,NA,1.33333333333334,37.35
"104",1995-01-01,"Q1",1995,"under_35_years",37.7,1.61725067385445,-0.789473684210518,37.5
"105",1995-04-01,"Q2",1995,"under_35_years",38.7,5.16304347826089,2.65251989389921,37.975
"106",1995-07-01,"Q3",1995,"under_35_years",39.1,4.26666666666666,1.03359173126614,38.375
"107",1995-10-01,"Q4",1995,"under_35_years",39.1,2.89473684210526,0,38.65
"108",1996-01-01,"Q1",1996,"under_35_years",38.8,2.9177718832891,-0.767263427109988,38.925
"109",1996-04-01,"Q2",1996,"under_35_years",39.3,1.55038759689921,1.28865979381443,39.075
"110",1996-07-01,"Q3",1996,"under_35_years",39,-0.255754475703329,-0.763358778625944,39.05
"111",1996-10-01,"Q4",1996,"under_35_years",39.1,0,0.256410256410255,39.05
"112",1997-01-01,"Q1",1997,"under_35_years",38.6,-0.51546391752576,-1.27877237851662,39
"113",1997-04-01,"Q2",1997,"under_35_years",38.6,-1.78117048346055,0,38.825
"114",1997-07-01,"Q3",1997,"under_35_years",38.9,-0.256410256410255,0.777202072538863,38.8
"115",1997-10-01,"Q4",1997,"under_35_years",38.7,-1.02301790281329,-0.514138817480714,38.7
"116",1998-01-01,"Q1",1998,"under_35_years",39,1.03626943005182,0.775193798449614,38.8
"117",1998-04-01,"Q2",1998,"under_35_years",39.3,1.81347150259066,0.769230769230766,38.975
"118",1998-07-01,"Q3",1998,"under_35_years",39.5,1.54241645244215,0.508905852417318,39.125
"119",1998-10-01,"Q4",1998,"under_35_years",39.6,2.32558139534884,0.253164556962027,39.35
"120",1999-01-01,"Q1",1999,"under_35_years",39.4,1.02564102564102,-0.505050505050508,39.45
"121",1999-04-01,"Q2",1999,"under_35_years",39.1,-0.508905852417296,-0.761421319796951,39.4
"122",1999-07-01,"Q3",1999,"under_35_years",40.1,1.51898734177216,2.55754475703325,39.55
"123",1999-10-01,"Q4",1999,"under_35_years",40.3,1.76767676767675,0.498753117206974,39.725
"124",2000-01-01,"Q1",2000,"under_35_years",40.5,2.79187817258884,0.496277915632759,40
"125",2000-04-01,"Q2",2000,"under_35_years",40.2,2.81329923273657,-0.740740740740731,40.275
"126",2000-07-01,"Q3",2000,"under_35_years",41.1,2.49376558603491,2.23880597014925,40.525
"127",2000-10-01,"Q4",2000,"under_35_years",41.2,2.2332506203474,0.243309002433101,40.75
"128",2001-01-01,"Q1",2001,"under_35_years",40.4,-0.246913580246921,-1.94174757281554,40.725
"129",2001-04-01,"Q2",2001,"under_35_years",40.8,1.49253731343282,0.990099009900991,40.875
"130",2001-07-01,"Q3",2001,"under_35_years",41.6,1.21654501216546,1.96078431372551,41
"131",2001-10-01,"Q4",2001,"under_35_years",42.2,2.42718446601942,1.44230769230769,41.25
"132",2002-01-01,"Q1",2002,"under_35_years",41,1.48514851485149,-2.8436018957346,41.4
"133",2002-04-01,"Q2",2002,"under_35_years",41.9,2.69607843137256,2.19512195121951,41.675
"134",2002-07-01,"Q3",2002,"under_35_years",42.5,2.16346153846154,1.43198090692125,41.9
"135",2002-10-01,"Q4",2002,"under_35_years",42.7,1.18483412322274,0.470588235294134,42.025
"136",2003-01-01,"Q1",2003,"under_35_years",41.7,1.70731707317073,-2.34192037470726,42.2
"137",2003-04-01,"Q2",2003,"under_35_years",40.8,-2.62529832935561,-2.15827338129497,41.925
"138",2003-07-01,"Q3",2003,"under_35_years",41.5,-2.35294117647059,1.71568627450982,41.675
"139",2003-10-01,"Q4",2003,"under_35_years",42,-1.63934426229508,1.20481927710843,41.5
"140",2004-01-01,"Q1",2004,"under_35_years",42.3,1.4388489208633,0.714285714285712,41.65
"141",2004-04-01,"Q2",2004,"under_35_years",43.6,6.86274509803924,3.07328605200947,42.35
"142",2004-07-01,"Q3",2004,"under_35_years",43.1,3.855421686747,-1.14678899082569,42.75
"143",2004-10-01,"Q4",2004,"under_35_years",43.3,3.09523809523808,0.464037122969829,43.075
"144",2005-01-01,"Q1",2005,"under_35_years",43.3,2.36406619385343,0,43.325
"145",2005-04-01,"Q2",2005,"under_35_years",42.8,-1.83486238532111,-1.15473441108545,43.125
"146",2005-07-01,"Q3",2005,"under_35_years",43,-0.232018561484926,0.467289719626174,43.1
"147",2005-10-01,"Q4",2005,"under_35_years",43.1,-0.461893764434174,0.232558139534889,43.05
"148",2006-01-01,"Q1",2006,"under_35_years",42.3,-2.3094688221709,-1.85614849187936,42.8
"149",2006-04-01,"Q2",2006,"under_35_years",42.4,-0.934579439252337,0.236406619385354,42.7
"150",2006-07-01,"Q3",2006,"under_35_years",43,0,1.41509433962264,42.7
"151",2006-10-01,"Q4",2006,"under_35_years",42.8,-0.696055684454766,-0.465116279069777,42.625
"152",2007-01-01,"Q1",2007,"under_35_years",41.7,-1.41843971631205,-2.57009345794391,42.475
"153",2007-04-01,"Q2",2007,"under_35_years",41.9,-1.17924528301887,0.479616306954433,42.35
"154",2007-07-01,"Q3",2007,"under_35_years",42,-2.32558139534884,0.238663484486867,42.1
"155",2007-10-01,"Q4",2007,"under_35_years",41,-4.20560747663551,-2.38095238095238,41.65
"156",2008-01-01,"Q1",2008,"under_35_years",41.3,-0.959232613908889,0.731707317073171,41.55
"157",2008-04-01,"Q2",2008,"under_35_years",41.2,-1.6706443914081,-0.242130750605318,41.375
"158",2008-07-01,"Q3",2008,"under_35_years",41,-2.38095238095238,-0.485436893203894,41.125
"159",2008-10-01,"Q4",2008,"under_35_years",40.3,-1.70731707317073,-1.70731707317073,40.95
"160",2009-01-01,"Q1",2009,"under_35_years",39.8,-3.63196125907991,-1.24069478908189,40.575
"161",2009-04-01,"Q2",2009,"under_35_years",39,-5.33980582524273,-2.01005025125628,40.025
"162",2009-07-01,"Q3",2009,"under_35_years",39.8,-2.92682926829269,2.05128205128204,39.725
"163",2009-10-01,"Q4",2009,"under_35_years",40.4,0.248138957816391,1.50753768844221,39.75
"164",2010-01-01,"Q1",2010,"under_35_years",38.9,-2.26130653266331,-3.71287128712872,39.525
"165",2010-04-01,"Q2",2010,"under_35_years",39,0,0.257069408740374,39.525
"166",2010-07-01,"Q3",2010,"under_35_years",39.2,-1.5075376884422,0.512820512820511,39.375
"167",2010-10-01,"Q4",2010,"under_35_years",39.2,-2.97029702970296,0,39.075
"168",2011-01-01,"Q1",2011,"under_35_years",37.9,-2.5706940874036,-3.31632653061226,38.825
"169",2011-04-01,"Q2",2011,"under_35_years",37.5,-3.84615384615384,-1.05540897097625,38.45
"170",2011-07-01,"Q3",2011,"under_35_years",38,-3.06122448979592,1.33333333333334,38.15
"171",2011-10-01,"Q4",2011,"under_35_years",37.6,-4.08163265306123,-1.05263157894736,37.75
"172",2012-01-01,"Q1",2012,"under_35_years",36.8,-2.9023746701847,-2.1276595744681,37.475
"173",2012-04-01,"Q2",2012,"under_35_years",36.5,-2.66666666666666,-0.815217391304335,37.225
"174",2012-07-01,"Q3",2012,"under_35_years",36.3,-4.47368421052632,-0.547945205479461,36.8
"175",2012-10-01,"Q4",2012,"under_35_years",37.1,-1.32978723404256,2.20385674931132,36.675
"176",2013-01-01,"Q1",2013,"under_35_years",36.8,0,-0.808625336927238,36.675
"177",2013-04-01,"Q2",2013,"under_35_years",36.7,0.54794520547945,-0.271739130434767,36.725
"178",2013-07-01,"Q3",2013,"under_35_years",36.8,1.37741046831956,0.27247956403269,36.85
"179",2013-10-01,"Q4",2013,"under_35_years",36.8,-0.808625336927238,0,36.775
"180",2014-01-01,"Q1",2014,"under_35_years",36.2,-1.63043478260868,-1.63043478260868,36.625
"181",2014-04-01,"Q2",2014,"under_35_years",35.9,-2.17983651226159,-0.82872928176797,36.425
"182",2014-07-01,"Q3",2014,"under_35_years",36,-2.17391304347825,0.278551532033422,36.225
"183",2014-10-01,"Q4",2014,"under_35_years",35.3,-4.07608695652174,-1.94444444444445,35.85
"184",2015-01-01,"Q1",2015,"under_35_years",34.6,-4.41988950276243,-1.98300283286118,35.45
"185",2015-04-01,"Q2",2015,"under_35_years",34.8,-3.0640668523677,0.578034682080908,35.175
"186",2015-07-01,"Q3",2015,"under_35_years",35.8,-0.555555555555565,2.87356321839081,35.125
"187",2015-10-01,"Q4",2015,"under_35_years",34.7,-1.69971671388101,-3.07262569832401,34.975
"188",2016-01-01,"Q1",2016,"under_35_years",34.2,-1.15606936416185,-1.44092219020173,34.875
"189",2016-04-01,"Q2",2016,"under_35_years",34.1,-2.01149425287355,-0.292397660818722,34.7
"190",2016-07-01,"Q3",2016,"under_35_years",35.2,-1.67597765363127,3.2258064516129,34.55
"191",2016-10-01,"Q4",2016,"under_35_years",34.7,0,-1.42045454545454,34.55
"192",2017-01-01,"Q1",2017,"under_35_years",34.3,0.2923976608187,-1.1527377521614,34.575
"193",2017-04-01,"Q2",2017,"under_35_years",35.3,3.51906158357771,2.91545189504374,34.875
"194",2017-07-01,"Q3",2017,"under_35_years",35.6,1.13636363636362,0.849858356940514,34.975
"195",2017-10-01,"Q4",2017,"under_35_years",36,3.74639769452449,1.12359550561798,35.3
"196",2018-01-01,"Q1",2018,"under_35_years",35.3,2.91545189504374,-1.94444444444445,35.55
"197",2018-04-01,"Q2",2018,"under_35_years",36.5,3.39943342776206,3.39943342776206,35.85
"198",2018-07-01,"Q3",2018,"under_35_years",36.8,3.37078651685392,0.821917808219164,36.15
"199",1994-01-01,"Q1",1994,"35_to_44_years",64.4,NA,NA,NA
"200",1994-04-01,"Q2",1994,"35_to_44_years",64.6,NA,0.310559006211153,NA
"201",1994-07-01,"Q3",1994,"35_to_44_years",64.3,NA,-0.464396284829716,NA
"202",1994-10-01,"Q4",1994,"35_to_44_years",64.7,NA,0.622083981337496,64.5
"203",1995-01-01,"Q1",1995,"35_to_44_years",64.9,0.77639751552796,0.309119010819159,64.625
"204",1995-04-01,"Q2",1995,"35_to_44_years",65.1,0.773993808049545,0.30816640986131,64.75
"205",1995-07-01,"Q3",1995,"35_to_44_years",65.4,1.71073094867809,0.460829493087567,65.025
"206",1995-10-01,"Q4",1995,"35_to_44_years",65.5,1.23647604327666,0.152905198776754,65.225
"207",1996-01-01,"Q1",1996,"35_to_44_years",64.6,-0.46224961479201,-1.37404580152672,65.15
"208",1996-04-01,"Q2",1996,"35_to_44_years",65.5,0.614439324116756,1.39318885448918,65.25
"209",1996-07-01,"Q3",1996,"35_to_44_years",66.3,1.37614678899081,1.22137404580152,65.475
"210",1996-10-01,"Q4",1996,"35_to_44_years",65.5,0,-1.20663650075414,65.475
"211",1997-01-01,"Q1",1997,"35_to_44_years",65.5,1.39318885448918,0,65.7
"212",1997-04-01,"Q2",1997,"35_to_44_years",66.3,1.22137404580152,1.22137404580152,65.9
"213",1997-07-01,"Q3",1997,"35_to_44_years",66.5,0.301659125188536,0.301659125188536,65.95
"214",1997-10-01,"Q4",1997,"35_to_44_years",65.9,0.610687022900769,-0.902255639097738,66.05
"215",1998-01-01,"Q1",1998,"35_to_44_years",65.9,0.610687022900769,0,66.15
"216",1998-04-01,"Q2",1998,"35_to_44_years",66.2,-0.150829562594257,0.455235204855842,66.125
"217",1998-07-01,"Q3",1998,"35_to_44_years",67.8,1.95488721804511,2.41691842900302,66.45
"218",1998-10-01,"Q4",1998,"35_to_44_years",67.6,2.57966616084975,-0.294985250737467,66.875
"219",1999-01-01,"Q1",1999,"35_to_44_years",67,1.66919575113809,-0.887573964497035,67.15
"220",1999-04-01,"Q2",1999,"35_to_44_years",66.5,0.453172205438057,-0.74626865671642,67.225
"221",1999-07-01,"Q3",1999,"35_to_44_years",67.4,-0.589970501474912,1.35338345864662,67.125
"222",1999-10-01,"Q4",1999,"35_to_44_years",67.9,0.44378698224854,0.741839762611285,67.2
"223",2000-01-01,"Q1",2000,"35_to_44_years",67.3,0.44776119402985,-0.883652430044191,67.275
"224",2000-04-01,"Q2",2000,"35_to_44_years",67.5,1.50375939849625,0.297176820208023,67.525
"225",2000-07-01,"Q3",2000,"35_to_44_years",68.4,1.48367952522255,1.33333333333334,67.775
"226",2000-10-01,"Q4",2000,"35_to_44_years",68.3,0.589101620029453,-0.146198830409372,67.875
"227",2001-01-01,"Q1",2001,"35_to_44_years",68.1,1.18870728083209,-0.292825768667648,68.075
"228",2001-04-01,"Q2",2001,"35_to_44_years",68.1,0.888888888888872,0,68.225
"229",2001-07-01,"Q3",2001,"35_to_44_years",68.6,0.2923976608187,0.734214390602062,68.275
"230",2001-10-01,"Q4",2001,"35_to_44_years",68.2,-0.146412884333813,-0.583090379008733,68.25
"231",2002-01-01,"Q1",2002,"35_to_44_years",68.6,0.734214390602062,0.586510263929596,68.375
"232",2002-04-01,"Q2",2002,"35_to_44_years",67.8,-0.440528634361226,-1.16618075801749,68.3
"233",2002-07-01,"Q3",2002,"35_to_44_years",68.8,0.291545189504383,1.47492625368733,68.35
"234",2002-10-01,"Q4",2002,"35_to_44_years",69,1.17302052785924,0.290697674418605,68.55
"235",2003-01-01,"Q1",2003,"35_to_44_years",67.8,-1.16618075801749,-1.73913043478261,68.35
"236",2003-04-01,"Q2",2003,"35_to_44_years",68.2,0.589970501474935,0.589970501474935,68.45
"237",2003-07-01,"Q3",2003,"35_to_44_years",68.6,-0.290697674418605,0.586510263929596,68.4
"238",2003-10-01,"Q4",2003,"35_to_44_years",69,0,0.583090379008744,68.4
"239",2004-01-01,"Q1",2004,"35_to_44_years",68.8,1.47492625368733,-0.289855072463774,68.65
"240",2004-04-01,"Q2",2004,"35_to_44_years",69.4,1.75953079178885,0.872093023255816,68.95
"241",2004-07-01,"Q3",2004,"35_to_44_years",68.6,0,-1.1527377521614,68.95
"242",2004-10-01,"Q4",2004,"35_to_44_years",70,1.44927536231885,2.04081632653061,69.2
"243",2005-01-01,"Q1",2005,"35_to_44_years",70.1,1.88953488372092,0.142857142857133,69.525
"244",2005-04-01,"Q2",2005,"35_to_44_years",68.7,-1.00864553314122,-1.99714693295291,69.35
"245",2005-07-01,"Q3",2005,"35_to_44_years",68.6,0,-0.145560407569156,69.35
"246",2005-10-01,"Q4",2005,"35_to_44_years",69.7,-0.428571428571423,1.60349854227406,69.275
"247",2006-01-01,"Q1",2006,"35_to_44_years",68.9,-1.71184022824534,-1.14777618364419,68.975
"248",2006-04-01,"Q2",2006,"35_to_44_years",68.9,0.29112081513829,0,69.025
"249",2006-07-01,"Q3",2006,"35_to_44_years",68.8,0.291545189504383,-0.145137880986945,69.075
"250",2006-10-01,"Q4",2006,"35_to_44_years",68.9,-1.14777618364419,0.145348837209314,68.875
"251",2007-01-01,"Q1",2007,"35_to_44_years",68.3,-0.870827285921638,-0.870827285921638,68.725
"252",2007-04-01,"Q2",2007,"35_to_44_years",67.6,-1.88679245283021,-1.02489019033676,68.4
"253",2007-07-01,"Q3",2007,"35_to_44_years",68.1,-1.01744186046512,0.739644970414211,68.225
"254",2007-10-01,"Q4",2007,"35_to_44_years",67.2,-2.46734397677795,-1.32158590308369,67.8
"255",2008-01-01,"Q1",2008,"35_to_44_years",66.7,-2.34260614934113,-0.744047619047616,67.4
"256",2008-04-01,"Q2",2008,"35_to_44_years",67.6,0,1.34932533733132,67.4
"257",2008-07-01,"Q3",2008,"35_to_44_years",67.2,-1.32158590308369,-0.591715976331353,67.175
"258",2008-10-01,"Q4",2008,"35_to_44_years",66.6,-0.892857142857151,-0.892857142857151,67.025
"259",2009-01-01,"Q1",2009,"35_to_44_years",65.7,-1.49925037481259,-1.35135135135134,66.775
"260",2009-04-01,"Q2",2009,"35_to_44_years",66.8,-1.18343195266272,1.67427701674276,66.575
"261",2009-07-01,"Q3",2009,"35_to_44_years",66.5,-1.04166666666667,-0.449101796407181,66.4
"262",2009-10-01,"Q4",2009,"35_to_44_years",65.7,-1.35135135135134,-1.20300751879698,66.175
"263",2010-01-01,"Q1",2010,"35_to_44_years",65.3,-0.608828006088291,-0.608828006088291,66.075
"264",2010-04-01,"Q2",2010,"35_to_44_years",65.6,-1.79640718562875,0.459418070444095,65.775
"265",2010-07-01,"Q3",2010,"35_to_44_years",65.2,-1.95488721804511,-0.609756097560965,65.45
"266",2010-10-01,"Q4",2010,"35_to_44_years",63.9,-2.73972602739727,-1.99386503067486,65
"267",2011-01-01,"Q1",2011,"35_to_44_years",64.4,-1.3782542113323,0.78247261345854,64.775
"268",2011-04-01,"Q2",2011,"35_to_44_years",63.8,-2.74390243902438,-0.931677018633559,64.325
"269",2011-07-01,"Q3",2011,"35_to_44_years",63.4,-2.76073619631902,-0.626959247648906,63.875
"270",2011-10-01,"Q4",2011,"35_to_44_years",62.3,-2.5039123630673,-1.73501577287066,63.475
"271",2012-01-01,"Q1",2012,"35_to_44_years",61.4,-4.65838509316772,-1.4446227929374,62.725
"272",2012-04-01,"Q2",2012,"35_to_44_years",62.2,-2.5078369905956,1.30293159609121,62.325
"273",2012-07-01,"Q3",2012,"35_to_44_years",61.8,-2.5236593059937,-0.643086816720262,61.925
"274",2012-10-01,"Q4",2012,"35_to_44_years",60.4,-3.04975922953451,-2.26537216828478,61.45
"275",2013-01-01,"Q1",2013,"35_to_44_years",60.1,-2.11726384364821,-0.496688741721851,61.125
"276",2013-04-01,"Q2",2013,"35_to_44_years",60.3,-3.05466237942124,0.332778702163061,60.65
"277",2013-07-01,"Q3",2013,"35_to_44_years",61.1,-1.13268608414239,1.32669983416254,60.475
"278",2013-10-01,"Q4",2013,"35_to_44_years",60.9,0.827814569536423,-0.327332242225864,60.6
"279",2014-01-01,"Q1",2014,"35_to_44_years",60.7,0.998336106489184,-0.328407224958938,60.75
"280",2014-04-01,"Q2",2014,"35_to_44_years",60.2,-0.165837479270303,-0.823723228995055,60.725
"281",2014-07-01,"Q3",2014,"35_to_44_years",59.1,-3.2733224222586,-1.82724252491695,60.225
"282",2014-10-01,"Q4",2014,"35_to_44_years",58.8,-3.44827586206897,-0.507614213197982,59.7
"283",2015-01-01,"Q1",2015,"35_to_44_years",58.4,-3.78912685337727,-0.680272108843538,59.125
"284",2015-04-01,"Q2",2015,"35_to_44_years",58,-3.65448504983389,-0.684931506849318,58.575
"285",2015-07-01,"Q3",2015,"35_to_44_years",58.1,-1.69204737732657,0.172413793103443,58.325
"286",2015-10-01,"Q4",2015,"35_to_44_years",59.3,0.850340136054428,2.06540447504302,58.45
"287",2016-01-01,"Q1",2016,"35_to_44_years",58.9,0.856164383561642,-0.674536256323777,58.575
"288",2016-04-01,"Q2",2016,"35_to_44_years",58.3,0.517241379310329,-1.01867572156197,58.65
"289",2016-07-01,"Q3",2016,"35_to_44_years",58.4,0.516351118760761,0.171526586620918,58.725
"290",2016-10-01,"Q4",2016,"35_to_44_years",58.7,-1.01180438448566,0.513698630136994,58.575
"291",2017-01-01,"Q1",2017,"35_to_44_years",59,0.169779286927008,0.511073253833039,58.6
"292",2017-04-01,"Q2",2017,"35_to_44_years",58.8,0.857632933104635,-0.338983050847463,58.725
"293",2017-07-01,"Q3",2017,"35_to_44_years",59.3,1.54109589041096,0.850340136054428,58.95
"294",2017-10-01,"Q4",2017,"35_to_44_years",58.9,0.340715502555367,-0.674536256323777,59
"295",2018-01-01,"Q1",2018,"35_to_44_years",59.8,1.35593220338983,1.52801358234296,59.2
"296",2018-04-01,"Q2",2018,"35_to_44_years",60,2.04081632653061,0.334448160535117,59.5
"297",2018-07-01,"Q3",2018,"35_to_44_years",59.5,0.337268128161883,-0.83333333333333,59.55
"298",1994-01-01,"Q1",1994,"45_to_54_years",75,NA,NA,NA
"299",1994-04-01,"Q2",1994,"45_to_54_years",75.2,NA,0.26666666666666,NA
"300",1994-07-01,"Q3",1994,"45_to_54_years",75.5,NA,0.39893617021276,NA
"301",1994-10-01,"Q4",1994,"45_to_54_years",74.9,NA,-0.794701986754964,75.15
"302",1995-01-01,"Q1",1995,"45_to_54_years",74.9,-0.13333333333333,0,75.125
"303",1995-04-01,"Q2",1995,"45_to_54_years",75.2,0,0.400534045393863,75.125
"304",1995-07-01,"Q3",1995,"45_to_54_years",75.4,-0.132450331125822,0.265957446808507,75.1
"305",1995-10-01,"Q4",1995,"45_to_54_years",75.2,0.400534045393863,-0.265251989389925,75.175
"306",1996-01-01,"Q1",1996,"45_to_54_years",75.5,0.801068090787704,0.39893617021276,75.325
"307",1996-04-01,"Q2",1996,"45_to_54_years",75.5,0.39893617021276,0,75.4
"308",1996-07-01,"Q3",1996,"45_to_54_years",75.9,0.663129973474796,0.52980132450331,75.525
"309",1996-10-01,"Q4",1996,"45_to_54_years",75.6,0.531914893617014,-0.395256916996067,75.625
"310",1997-01-01,"Q1",1997,"45_to_54_years",75.5,0,-0.132275132275128,75.625
"311",1997-04-01,"Q2",1997,"45_to_54_years",75.6,0.132450331125811,0.132450331125811,75.65
"312",1997-07-01,"Q3",1997,"45_to_54_years",76.3,0.527009222661379,0.92592592592593,75.75
"313",1997-10-01,"Q4",1997,"45_to_54_years",75.7,0.132275132275139,-0.786369593709035,75.775
"314",1998-01-01,"Q1",1998,"45_to_54_years",75.9,0.52980132450331,0.264200792602387,75.875
"315",1998-04-01,"Q2",1998,"45_to_54_years",75.5,-0.132275132275128,-0.527009222661401,75.85
"316",1998-07-01,"Q3",1998,"45_to_54_years",76.3,0,1.05960264900662,75.85
"317",1998-10-01,"Q4",1998,"45_to_54_years",74.9,-1.0568031704095,-1.83486238532109,75.65
"318",1999-01-01,"Q1",1999,"45_to_54_years",76.2,0.395256916996045,1.73564753004005,75.725
"319",1999-04-01,"Q2",1999,"45_to_54_years",76.4,1.19205298013245,0.262467191601057,75.95
"320",1999-07-01,"Q3",1999,"45_to_54_years",76.3,0,-0.130890052356036,75.95
"321",1999-10-01,"Q4",1999,"45_to_54_years",75.2,0.400534045393863,-1.44167758846657,76.025
"322",2000-01-01,"Q1",2000,"45_to_54_years",76,-0.262467191601057,1.06382978723405,75.975
"323",2000-04-01,"Q2",2000,"45_to_54_years",76.7,0.392670157068054,0.921052631578956,76.05
"324",2000-07-01,"Q3",2000,"45_to_54_years",76.8,0.655307994757526,0.130378096479777,76.175
"325",2000-10-01,"Q4",2000,"45_to_54_years",76.4,1.59574468085106,-0.520833333333326,76.475
"326",2001-01-01,"Q1",2001,"45_to_54_years",76.5,0.657894736842102,0.130890052356003,76.6
"327",2001-04-01,"Q2",2001,"45_to_54_years",77.2,0.651890482398954,0.915032679738559,76.725
"328",2001-07-01,"Q3",2001,"45_to_54_years",77.1,0.390625,-0.129533678756488,76.8
"329",2001-10-01,"Q4",2001,"45_to_54_years",76.2,-0.26178010471205,-1.16731517509726,76.75
"330",2002-01-01,"Q1",2002,"45_to_54_years",76,-0.653594771241828,-0.262467191601057,76.625
"331",2002-04-01,"Q2",2002,"45_to_54_years",76.3,-1.16580310880829,0.39473684210527,76.4
"332",2002-07-01,"Q3",2002,"45_to_54_years",76.5,-0.778210116731515,0.262123197903019,76.25
"333",2002-10-01,"Q4",2002,"45_to_54_years",77.2,1.31233595800524,0.915032679738559,76.5
"334",2003-01-01,"Q1",2003,"45_to_54_years",76.5,0.657894736842102,-0.90673575129534,76.625
"335",2003-04-01,"Q2",2003,"45_to_54_years",76.3,0,-0.261437908496731,76.625
"336",2003-07-01,"Q3",2003,"45_to_54_years",76.4,-0.130718954248354,0.13106159895151,76.6
"337",2003-10-01,"Q4",2003,"45_to_54_years",76.4,-1.03626943005181,0,76.4
"338",2004-01-01,"Q1",2004,"45_to_54_years",77,0.653594771241828,0.785340314136107,76.525
"339",2004-04-01,"Q2",2004,"45_to_54_years",77,0.917431192660545,0,76.7
"340",2004-07-01,"Q3",2004,"45_to_54_years",77.4,1.30890052356021,0.51948051948052,76.95
"341",2004-10-01,"Q4",2004,"45_to_54_years",77.4,1.30890052356021,0,77.2
"342",2005-01-01,"Q1",2005,"45_to_54_years",76.5,-0.649350649350644,-1.16279069767442,77.075
"343",2005-04-01,"Q2",2005,"45_to_54_years",76.3,-0.909090909090915,-0.261437908496731,76.9
"344",2005-07-01,"Q3",2005,"45_to_54_years",76.7,-0.904392764857886,0.524246395806038,76.725
"345",2005-10-01,"Q4",2005,"45_to_54_years",76.7,-0.904392764857886,0,76.55
"346",2006-01-01,"Q1",2006,"45_to_54_years",75.8,-0.91503267973857,-1.17340286831813,76.375
"347",2006-04-01,"Q2",2006,"45_to_54_years",76.3,0,0.659630606860162,76.375
"348",2006-07-01,"Q3",2006,"45_to_54_years",76.4,-0.391134289439365,0.13106159895151,76.3
"349",2006-10-01,"Q4",2006,"45_to_54_years",76.4,-0.391134289439365,0,76.225
"350",2007-01-01,"Q1",2007,"45_to_54_years",75.8,0,-0.78534031413614,76.225
"351",2007-04-01,"Q2",2007,"45_to_54_years",75.5,-1.04849279161205,-0.395778364116095,76.025
"352",2007-07-01,"Q3",2007,"45_to_54_years",75.2,-1.57068062827226,-0.397350993377477,75.725
"353",2007-10-01,"Q4",2007,"45_to_54_years",75.1,-1.70157068062828,-0.132978723404265,75.4
"354",2008-01-01,"Q1",2008,"45_to_54_years",75,-1.05540897097625,-0.133155792276951,75.2
"355",2008-04-01,"Q2",2008,"45_to_54_years",75.4,-0.132450331125822,0.533333333333341,75.175
"356",2008-07-01,"Q3",2008,"45_to_54_years",75.2,0,-0.265251989389925,75.175
"357",2008-10-01,"Q4",2008,"45_to_54_years",74.5,-0.798934753661773,-0.930851063829796,75.025
"358",2009-01-01,"Q1",2009,"45_to_54_years",74.6,-0.533333333333341,0.134228187919461,74.925
"359",2009-04-01,"Q2",2009,"45_to_54_years",74.5,-1.19363395225465,-0.134048257372643,74.7
"360",2009-07-01,"Q3",2009,"45_to_54_years",74.5,-0.930851063829796,0,74.525
"361",2009-10-01,"Q4",2009,"45_to_54_years",74,-0.671140939597314,-0.671140939597314,74.4
"362",2010-01-01,"Q1",2010,"45_to_54_years",74.8,0.268096514745308,1.08108108108107,74.45
"363",2010-04-01,"Q2",2010,"45_to_54_years",73.6,-1.20805369127518,-1.60427807486632,74.225
"364",2010-07-01,"Q3",2010,"45_to_54_years",73,-2.01342281879194,-0.815217391304335,73.85
"365",2010-10-01,"Q4",2010,"45_to_54_years",72.7,-1.75675675675675,-0.410958904109582,73.525
"366",2011-01-01,"Q1",2011,"45_to_54_years",73.1,-2.27272727272728,0.550206327372749,73.1
"367",2011-04-01,"Q2",2011,"45_to_54_years",72.3,-1.76630434782609,-1.09439124487004,72.775
"368",2011-07-01,"Q3",2011,"45_to_54_years",72.7,-0.410958904109582,0.553250345781464,72.7
"369",2011-10-01,"Q4",2011,"45_to_54_years",72.7,0,0,72.7
"370",2012-01-01,"Q1",2012,"45_to_54_years",71.3,-2.46238030095759,-1.92572214580469,72.25
"371",2012-04-01,"Q2",2012,"45_to_54_years",71.4,-1.24481327800828,0.140252454417955,72.025
"372",2012-07-01,"Q3",2012,"45_to_54_years",72,-0.962861072902343,0.840336134453779,71.85
"373",2012-10-01,"Q4",2012,"45_to_54_years",72.1,-0.825309491059156,0.138888888888888,71.7
"374",2013-01-01,"Q1",2013,"45_to_54_years",71.3,0,-1.10957004160888,71.7
"375",2013-04-01,"Q2",2013,"45_to_54_years",70.9,-0.700280112044815,-0.561009817671798,71.575
"376",2013-07-01,"Q3",2013,"45_to_54_years",71.3,-0.97222222222223,0.564174894217184,71.4
"377",2013-10-01,"Q4",2013,"45_to_54_years",71.4,-0.970873786407755,0.140252454417955,71.225
"378",2014-01-01,"Q1",2014,"45_to_54_years",71.4,0.140252454417955,0,71.25
"379",2014-04-01,"Q2",2014,"45_to_54_years",70.7,-0.282087447108603,-0.980392156862753,71.2
"380",2014-07-01,"Q3",2014,"45_to_54_years",70.1,-1.68302945301543,-0.848656294200856,70.9
"381",2014-10-01,"Q4",2014,"45_to_54_years",70.5,-1.26050420168068,0.570613409415133,70.675
"382",2015-01-01,"Q1",2015,"45_to_54_years",70.1,-1.82072829131654,-0.567375886524835,70.35
"383",2015-04-01,"Q2",2015,"45_to_54_years",69.9,-1.13154172560113,-0.285306704707544,70.15
"384",2015-07-01,"Q3",2015,"45_to_54_years",69.9,-0.285306704707544,0,70.1
"385",2015-10-01,"Q4",2015,"45_to_54_years",70.1,-0.567375886524835,0.28612303290414,70
"386",2016-01-01,"Q1",2016,"45_to_54_years",69.2,-1.28388017118402,-1.28388017118402,69.775
"387",2016-04-01,"Q2",2016,"45_to_54_years",69.1,-1.14449213161661,-0.144508670520238,69.575
"388",2016-07-01,"Q3",2016,"45_to_54_years",69.1,-1.14449213161661,0,69.375
"389",2016-10-01,"Q4",2016,"45_to_54_years",69.8,-0.427960057061338,1.01302460202606,69.3
"390",2017-01-01,"Q1",2017,"45_to_54_years",69.4,0.289017341040476,-0.573065902578784,69.35
"391",2017-04-01,"Q2",2017,"45_to_54_years",69.3,0.28943560057888,-0.144092219020187,69.4
"392",2017-07-01,"Q3",2017,"45_to_54_years",69.1,0,-0.288600288600294,69.4
"393",2017-10-01,"Q4",2017,"45_to_54_years",69.5,-0.429799426934097,0.57887120115776,69.325
"394",2018-01-01,"Q1",2018,"45_to_54_years",70,0.86455331412103,0.71942446043165,69.475
"395",2018-04-01,"Q2",2018,"45_to_54_years",70.6,1.87590187590188,0.857142857142845,69.8
"396",2018-07-01,"Q3",2018,"45_to_54_years",69.7,0.868306801736618,-1.27478753541075,69.95
"397",1994-01-01,"Q1",1994,"55_to_64_years",79.3,NA,NA,NA
"398",1994-04-01,"Q2",1994,"55_to_64_years",79.1,NA,-0.252206809583866,NA
"399",1994-07-01,"Q3",1994,"55_to_64_years",79.4,NA,0.379266750948171,NA
"400",1994-10-01,"Q4",1994,"55_to_64_years",79.2,NA,-0.251889168765751,79.25
"401",1995-01-01,"Q1",1995,"55_to_64_years",79.4,0.126103404791933,0.25252525252526,79.275
"402",1995-04-01,"Q2",1995,"55_to_64_years",79.9,1.01137800252846,0.629722921914366,79.475
"403",1995-07-01,"Q3",1995,"55_to_64_years",79.3,-0.125944584382887,-0.750938673341683,79.45
"404",1995-10-01,"Q4",1995,"55_to_64_years",79.5,0.378787878787867,0.252206809583866,79.525
"405",1996-01-01,"Q1",1996,"55_to_64_years",80.2,1.00755667506296,0.880503144654088,79.725
"406",1996-04-01,"Q2",1996,"55_to_64_years",80,0.125156445556929,-0.249376558603498,79.75
"407",1996-07-01,"Q3",1996,"55_to_64_years",79.7,0.504413619167732,-0.374999999999992,79.85
"408",1996-10-01,"Q4",1996,"55_to_64_years",80.1,0.754716981132075,0.501882057716418,80
"409",1997-01-01,"Q1",1997,"55_to_64_years",79.6,-0.748129675810483,-0.624219725343322,79.85
"410",1997-04-01,"Q2",1997,"55_to_64_years",80.3,0.374999999999992,0.87939698492463,79.925
"411",1997-07-01,"Q3",1997,"55_to_64_years",80.1,0.501882057716418,-0.249066002490661,80.025
"412",1997-10-01,"Q4",1997,"55_to_64_years",80.3,0.249687890137329,0.249687890137329,80.075
"413",1998-01-01,"Q1",1998,"55_to_64_years",80.3,0.87939698492463,0,80.25
"414",1998-04-01,"Q2",1998,"55_to_64_years",80.4,0.124533001245331,0.124533001245331,80.275
"415",1998-07-01,"Q3",1998,"55_to_64_years",81.1,1.24843945068664,0.870646766169147,80.525
"416",1998-10-01,"Q4",1998,"55_to_64_years",81.7,1.74346201743463,0.739827373612845,80.875
"417",1999-01-01,"Q1",1999,"55_to_64_years",81.1,0.996264009962644,-0.734394124847015,81.075
"418",1999-04-01,"Q2",1999,"55_to_64_years",80.8,0.497512437810932,-0.369913686806411,81.175
"419",1999-07-01,"Q3",1999,"55_to_64_years",80.7,-0.4932182490752,-0.123762376237613,81.075
"420",1999-10-01,"Q4",1999,"55_to_64_years",81.3,-0.489596083231336,0.743494423791824,80.975
"421",2000-01-01,"Q1",2000,"55_to_64_years",80.8,-0.369913686806411,-0.615006150061503,80.9
"422",2000-04-01,"Q2",2000,"55_to_64_years",80.3,-0.618811881188119,-0.618811881188119,80.775
"423",2000-07-01,"Q3",2000,"55_to_64_years",80.1,-0.743494423791835,-0.249066002490661,80.625
"424",2000-10-01,"Q4",2000,"55_to_64_years",80.2,-1.35301353013529,0.124843945068664,80.35
"425",2001-01-01,"Q1",2001,"55_to_64_years",80.8,0,0.748129675810461,80.35
"426",2001-04-01,"Q2",2001,"55_to_64_years",81.5,1.49439601494397,0.866336633663378,80.65
"427",2001-07-01,"Q3",2001,"55_to_64_years",81.6,1.87265917602997,0.122699386503067,81.025
"428",2001-10-01,"Q4",2001,"55_to_64_years",81.4,1.49625935162094,-0.245098039215674,81.325
"429",2002-01-01,"Q1",2002,"55_to_64_years",80.9,0.123762376237635,-0.614250614250611,81.35
"430",2002-04-01,"Q2",2002,"55_to_64_years",81.6,0.122699386503067,0.865265760197764,81.375
"431",2002-07-01,"Q3",2002,"55_to_64_years",81.1,-0.612745098039214,-0.612745098039214,81.25
"432",2002-10-01,"Q4",2002,"55_to_64_years",81.3,-0.122850122850138,0.246609124537622,81.225
"433",2003-01-01,"Q1",2003,"55_to_64_years",81.4,0.618046971569841,0.123001230012321,81.35
"434",2003-04-01,"Q2",2003,"55_to_64_years",80.8,-0.980392156862742,-0.737100737100749,81.15
"435",2003-07-01,"Q3",2003,"55_to_64_years",81.3,0.246609124537622,0.618811881188108,81.2
"436",2003-10-01,"Q4",2003,"55_to_64_years",81.5,0.246002460024597,0.246002460024597,81.25
"437",2004-01-01,"Q1",2004,"55_to_64_years",81.7,0.368550368550369,0.245398773006134,81.325
"438",2004-04-01,"Q2",2004,"55_to_64_years",82.4,1.98019801980198,0.856793145654833,81.725
"439",2004-07-01,"Q3",2004,"55_to_64_years",81.2,-0.123001230012298,-1.45631067961165,81.7
"440",2004-10-01,"Q4",2004,"55_to_64_years",81.6,0.122699386503067,0.492610837438412,81.725
"441",2005-01-01,"Q1",2005,"55_to_64_years",81.8,0.122399020807817,0.245098039215685,81.75
"442",2005-04-01,"Q2",2005,"55_to_64_years",81.3,-1.33495145631068,-0.611246943765276,81.475
"443",2005-07-01,"Q3",2005,"55_to_64_years",80.9,-0.369458128078815,-0.492004920049194,81.4
"444",2005-10-01,"Q4",2005,"55_to_64_years",80.6,-1.22549019607843,-0.370828182941918,81.15
"445",2006-01-01,"Q1",2006,"55_to_64_years",81.2,-0.733496332518335,0.74441687344915,81
"446",2006-04-01,"Q2",2006,"55_to_64_years",81,-0.369003690036895,-0.246305418719217,80.925
"447",2006-07-01,"Q3",2006,"55_to_64_years",80.7,-0.247218788627934,-0.370370370370365,80.875
"448",2006-10-01,"Q4",2006,"55_to_64_years",80.7,0.124069478908195,0,80.9
"449",2007-01-01,"Q1",2007,"55_to_64_years",80.4,-0.985221674876846,-0.371747211895912,80.7
"450",2007-04-01,"Q2",2007,"55_to_64_years",80.6,-0.493827160493832,0.248756218905455,80.6
"451",2007-07-01,"Q3",2007,"55_to_64_years",81.1,0.495662949194542,0.620347394540932,80.7
"452",2007-10-01,"Q4",2007,"55_to_64_years",80.4,-0.371747211895912,-0.863131935881611,80.625
"453",2008-01-01,"Q1",2008,"55_to_64_years",80.4,0,0,80.625
"454",2008-04-01,"Q2",2008,"55_to_64_years",80.1,-0.620347394540943,-0.373134328358227,80.5
"455",2008-07-01,"Q3",2008,"55_to_64_years",80,-1.35635018495683,-0.124843945068653,80.225
"456",2008-10-01,"Q4",2008,"55_to_64_years",79.7,-0.870646766169159,-0.374999999999992,80.05
"457",2009-01-01,"Q1",2009,"55_to_64_years",79.8,-0.746268656716431,0.125470514429105,79.9
"458",2009-04-01,"Q2",2009,"55_to_64_years",79.9,-0.249687890137318,0.125313283208039,79.85
"459",2009-07-01,"Q3",2009,"55_to_64_years",79.4,-0.749999999999995,-0.625782227784732,79.7
"460",2009-10-01,"Q4",2009,"55_to_64_years",78.9,-1.00376411543287,-0.629722921914355,79.5
"461",2010-01-01,"Q1",2010,"55_to_64_years",79.1,-0.877192982456143,0.253485424588074,79.325
"462",2010-04-01,"Q2",2010,"55_to_64_years",78.7,-1.50187734668336,-0.505689001264209,79.025
"463",2010-07-01,"Q3",2010,"55_to_64_years",79.2,-0.251889168765751,0.635324015247773,78.975
"464",2010-10-01,"Q4",2010,"55_to_64_years",79,0.126742712294026,-0.25252525252526,79
"465",2011-01-01,"Q1",2011,"55_to_64_years",78.6,-0.632111251580281,-0.506329113924053,78.875
"466",2011-04-01,"Q2",2011,"55_to_64_years",77.8,-1.14358322744601,-1.0178117048346,78.65
"467",2011-07-01,"Q3",2011,"55_to_64_years",78.6,-0.757575757575768,1.02827763496143,78.5
"468",2011-10-01,"Q4",2011,"55_to_64_years",79,0,0.508905852417318,78.5
"469",2012-01-01,"Q1",2012,"55_to_64_years",77.8,-1.0178117048346,-1.51898734177216,78.3
"470",2012-04-01,"Q2",2012,"55_to_64_years",77.1,-0.899742930591263,-0.899742930591263,78.125
"471",2012-07-01,"Q3",2012,"55_to_64_years",76.9,-2.16284987277352,-0.259403372243827,77.7
"472",2012-10-01,"Q4",2012,"55_to_64_years",77.6,-1.77215189873419,0.910273081924573,77.35
"473",2013-01-01,"Q1",2013,"55_to_64_years",77,-1.02827763496144,-0.773195876288657,77.15
"474",2013-04-01,"Q2",2013,"55_to_64_years",76.7,-0.518806744487665,-0.389610389610384,77.05
"475",2013-07-01,"Q3",2013,"55_to_64_years",76.2,-0.910273081924584,-0.651890482398954,76.875
"476",2013-10-01,"Q4",2013,"55_to_64_years",76.5,-1.41752577319587,0.393700787401574,76.6
"477",2014-01-01,"Q1",2014,"55_to_64_years",76.4,-0.779220779220768,-0.130718954248354,76.45
"478",2014-04-01,"Q2",2014,"55_to_64_years",76.4,-0.391134289439365,0,76.375
"479",2014-07-01,"Q3",2014,"55_to_64_years",76.6,0.524934383202091,0.261780104712028,76.475
"480",2014-10-01,"Q4",2014,"55_to_64_years",75.8,-0.91503267973857,-1.0443864229765,76.3
"481",2015-01-01,"Q1",2015,"55_to_64_years",75.8,-0.78534031413614,0,76.15
"482",2015-04-01,"Q2",2015,"55_to_64_years",75.4,-1.30890052356021,-0.527704485488112,75.9
"483",2015-07-01,"Q3",2015,"55_to_64_years",75.3,-1.69712793733681,-0.132625994694968,75.575
"484",2015-10-01,"Q4",2015,"55_to_64_years",75.2,-0.791556728232179,-0.132802124833986,75.425
"485",2016-01-01,"Q1",2016,"55_to_64_years",75.7,-0.131926121372028,0.664893617021267,75.4
"486",2016-04-01,"Q2",2016,"55_to_64_years",74.7,-0.928381962864722,-1.32100396301189,75.225
"487",2016-07-01,"Q3",2016,"55_to_64_years",74.9,-0.531208499335978,0.267737617135211,75.125
"488",2016-10-01,"Q4",2016,"55_to_64_years",74.8,-0.531914893617025,-0.133511348464632,75.025
"489",2017-01-01,"Q1",2017,"55_to_64_years",75.6,-0.132100396301205,1.06951871657754,75
"490",2017-04-01,"Q2",2017,"55_to_64_years",75.4,0.937081659973238,-0.264550264550245,75.175
"491",2017-07-01,"Q3",2017,"55_to_64_years",75,0.133511348464621,-0.53050397877985,75.2
"492",2017-10-01,"Q4",2017,"55_to_64_years",75.3,0.668449197860954,0.4,75.325
"493",2018-01-01,"Q1",2018,"55_to_64_years",75.4,-0.264550264550245,0.132802124834019,75.275
"494",2018-04-01,"Q2",2018,"55_to_64_years",75.1,-0.397877984084893,-0.397877984084893,75.2
"495",2018-07-01,"Q3",2018,"55_to_64_years",75.6,0.800000000000001,0.665778961384822,75.35
"496",1994-01-01,"Q1",1994,"65_years_and_over",77.4,NA,NA,NA
"497",1994-04-01,"Q2",1994,"65_years_and_over",77.2,NA,-0.258397932816545,NA
"498",1994-07-01,"Q3",1994,"65_years_and_over",77.2,NA,0,NA
"499",1994-10-01,"Q4",1994,"65_years_and_over",77.7,NA,0.647668393782386,77.375
"500",1995-01-01,"Q1",1995,"65_years_and_over",77.5,0.129198966408262,-0.257400257400264,77.4
"501",1995-04-01,"Q2",1995,"65_years_and_over",78.1,1.16580310880827,0.774193548387081,77.625
"502",1995-07-01,"Q3",1995,"65_years_and_over",78.1,1.16580310880827,0,77.85
"503",1995-10-01,"Q4",1995,"65_years_and_over",78.7,1.28700128700128,0.768245838668391,78.1
"504",1996-01-01,"Q1",1996,"65_years_and_over",79.1,2.06451612903225,0.508259212198214,78.5
"505",1996-04-01,"Q2",1996,"65_years_and_over",78.9,1.02432778489119,-0.252844500632099,78.7
"506",1996-07-01,"Q3",1996,"65_years_and_over",78.6,0.640204865556981,-0.380228136882144,78.825
"507",1996-10-01,"Q4",1996,"65_years_and_over",79.2,0.635324015247773,0.763358778625967,78.95
"508",1997-01-01,"Q1",1997,"65_years_and_over",79.2,0.126422250316072,0,78.975
"509",1997-04-01,"Q2",1997,"65_years_and_over",79.1,0.253485424588074,-0.126262626262641,79.025
"510",1997-07-01,"Q3",1997,"65_years_and_over",79.2,0.763358778625967,0.126422250316072,79.175
"511",1997-10-01,"Q4",1997,"65_years_and_over",79.1,-0.126262626262641,-0.126262626262641,79.15
"512",1998-01-01,"Q1",1998,"65_years_and_over",79.1,-0.126262626262641,0,79.125
"513",1998-04-01,"Q2",1998,"65_years_and_over",79.2,0.126422250316072,0.126422250316072,79.15
"514",1998-07-01,"Q3",1998,"65_years_and_over",79.7,0.631313131313127,0.631313131313127,79.275
"515",1998-10-01,"Q4",1998,"65_years_and_over",79.2,0.126422250316072,-0.627352572145545,79.3
"516",1999-01-01,"Q1",1999,"65_years_and_over",79.8,0.884955752212391,0.757575757575757,79.475
"517",1999-04-01,"Q2",1999,"65_years_and_over",80.4,1.51515151515151,0.751879699248126,79.775
"518",1999-07-01,"Q3",1999,"65_years_and_over",80.8,1.3801756587202,0.497512437810932,80.05
"519",1999-10-01,"Q4",1999,"65_years_and_over",79.6,0.505050505050497,-1.48514851485149,80.15
"520",2000-01-01,"Q1",2000,"65_years_and_over",80.1,0.375939849624052,0.628140703517599,80.225
"521",2000-04-01,"Q2",2000,"65_years_and_over",80.3,-0.12437810945275,0.249687890137329,80.2
"522",2000-07-01,"Q3",2000,"65_years_and_over",80.7,-0.123762376237613,0.498132004981322,80.175
"523",2000-10-01,"Q4",2000,"65_years_and_over",80.4,1.00502512562815,-0.371747211895912,80.375
"524",2001-01-01,"Q1",2001,"65_years_and_over",80.7,0.749063670411987,0.373134328358216,80.525
"525",2001-04-01,"Q2",2001,"65_years_and_over",79.7,-0.747198007471972,-1.23915737298637,80.375
"526",2001-07-01,"Q3",2001,"65_years_and_over",80.3,-0.495662949194553,0.75282308657465,80.275
"527",2001-10-01,"Q4",2001,"65_years_and_over",80.7,0.373134328358216,0.498132004981322,80.35
"528",2002-01-01,"Q1",2002,"65_years_and_over",80.9,0.247831474597282,0.247831474597282,80.4
"529",2002-04-01,"Q2",2002,"65_years_and_over",80.2,0.627352572145545,-0.865265760197775,80.525
"530",2002-07-01,"Q3",2002,"65_years_and_over",80.7,0.498132004981322,0.623441396508717,80.625
"531",2002-10-01,"Q4",2002,"65_years_and_over",80.8,0.123915737298619,0.123915737298619,80.65
"532",2003-01-01,"Q1",2003,"65_years_and_over",80.2,-0.865265760197775,-0.742574257425732,80.475
"533",2003-04-01,"Q2",2003,"65_years_and_over",80.1,-0.124688279301755,-0.124688279301755,80.45
"534",2003-07-01,"Q3",2003,"65_years_and_over",80.4,-0.371747211895912,0.374531835206016,80.375
"535",2003-10-01,"Q4",2003,"65_years_and_over",80.8,0,0.497512437810932,80.375
"536",2004-01-01,"Q1",2004,"65_years_and_over",80.7,0.623441396508717,-0.123762376237613,80.5
"537",2004-04-01,"Q2",2004,"65_years_and_over",81.1,1.24843945068664,0.495662949194542,80.75
"538",2004-07-01,"Q3",2004,"65_years_and_over",81.8,1.74129353233829,0.863131935881634,81.1
"539",2004-10-01,"Q4",2004,"65_years_and_over",80.5,-0.371287128712872,-1.58924205378973,81.025
"540",2005-01-01,"Q1",2005,"65_years_and_over",80.8,0.123915737298619,0.372670807453424,81.05
"541",2005-04-01,"Q2",2005,"65_years_and_over",80.3,-0.986436498150434,-0.618811881188119,80.85
"542",2005-07-01,"Q3",2005,"65_years_and_over",80.6,-1.46699266503668,0.373599003735992,80.55
"543",2005-10-01,"Q4",2005,"65_years_and_over",80.6,0.124223602484475,0,80.575
"544",2006-01-01,"Q1",2006,"65_years_and_over",80.3,-0.618811881188119,-0.372208436724564,80.45
"545",2006-04-01,"Q2",2006,"65_years_and_over",80.6,0.373599003735992,0.373599003735992,80.525
"546",2006-07-01,"Q3",2006,"65_years_and_over",81.5,1.11662531017371,1.11662531017371,80.75
"547",2006-10-01,"Q4",2006,"65_years_and_over",81.2,0.74441687344915,-0.3680981595092,80.9
"548",2007-01-01,"Q1",2007,"65_years_and_over",80.9,0.747198007471983,-0.369458128078815,81.05
"549",2007-04-01,"Q2",2007,"65_years_and_over",80.5,-0.124069478908184,-0.49443757725588,81.025
"550",2007-07-01,"Q3",2007,"65_years_and_over",79.9,-1.96319018404907,-0.745341614906825,80.625
"551",2007-10-01,"Q4",2007,"65_years_and_over",80.3,-1.10837438423645,0.500625782227782,80.4
"552",2008-01-01,"Q1",2008,"65_years_and_over",79.9,-1.23609394313968,-0.498132004981311,80.15
"553",2008-04-01,"Q2",2008,"65_years_and_over",80.2,-0.372670807453412,0.375469336670831,80.075
"554",2008-07-01,"Q3",2008,"65_years_and_over",80.1,0.25031289111388,-0.124688279301755,80.125
"555",2008-10-01,"Q4",2008,"65_years_and_over",80.4,0.124533001245331,0.374531835206016,80.15
"556",2009-01-01,"Q1",2009,"65_years_and_over",80.4,0.625782227784732,0,80.275
"557",2009-04-01,"Q2",2009,"65_years_and_over",80.4,0.249376558603487,0,80.325
"558",2009-07-01,"Q3",2009,"65_years_and_over",80.9,0.998751560549338,0.621890547263693,80.525
"559",2009-10-01,"Q4",2009,"65_years_and_over",80.2,-0.248756218905477,-0.865265760197775,80.475
"560",2010-01-01,"Q1",2010,"65_years_and_over",80.6,0.248756218905455,0.498753117206974,80.525
"561",2010-04-01,"Q2",2010,"65_years_and_over",80.4,0,-0.248138957816368,80.525
"562",2010-07-01,"Q3",2010,"65_years_and_over",80.6,-0.370828182941918,0.248756218905455,80.45
"563",2010-10-01,"Q4",2010,"65_years_and_over",80.5,0.37406483790523,-0.124069478908184,80.525
"564",2011-01-01,"Q1",2011,"65_years_and_over",81,0.496277915632759,0.62111801242235,80.625
"565",2011-04-01,"Q2",2011,"65_years_and_over",80.8,0.497512437810932,-0.246913580246921,80.725
"566",2011-07-01,"Q3",2011,"65_years_and_over",81.1,0.620347394540932,0.371287128712861,80.85
"567",2011-10-01,"Q4",2011,"65_years_and_over",80.9,0.496894409937898,-0.246609124537589,80.95
"568",2012-01-01,"Q1",2012,"65_years_and_over",80.9,-0.123456790123455,0,80.925
"569",2012-04-01,"Q2",2012,"65_years_and_over",81.6,0.990099009900991,0.865265760197764,81.125
"570",2012-07-01,"Q3",2012,"65_years_and_over",81.4,0.369913686806433,-0.245098039215674,81.2
"571",2012-10-01,"Q4",2012,"65_years_and_over",80.7,-0.247218788627934,-0.859950859950864,81.15
"572",2013-01-01,"Q1",2013,"65_years_and_over",80.4,-0.618046971569841,-0.371747211895912,81.025
"573",2013-04-01,"Q2",2013,"65_years_and_over",80.9,-0.857843137254888,0.621890547263693,80.85
"574",2013-07-01,"Q3",2013,"65_years_and_over",81.2,-0.245700245700253,0.370828182941896,80.8
"575",2013-10-01,"Q4",2013,"65_years_and_over",80.7,0,-0.615763546798032,80.8
"576",2014-01-01,"Q1",2014,"65_years_and_over",79.9,-0.621890547263682,-0.991325898389095,80.675
"577",2014-04-01,"Q2",2014,"65_years_and_over",80.1,-0.988875154511759,0.25031289111388,80.475
"578",2014-07-01,"Q3",2014,"65_years_and_over",80,-1.47783251231527,-0.124843945068653,80.175
"579",2014-10-01,"Q4",2014,"65_years_and_over",79.5,-1.48698884758365,-0.624999999999998,79.875
"580",2015-01-01,"Q1",2015,"65_years_and_over",79,-1.12640801001253,-0.628930817610063,79.65
"581",2015-04-01,"Q2",2015,"65_years_and_over",78.5,-1.99750312109862,-0.632911392405067,79.25
"582",2015-07-01,"Q3",2015,"65_years_and_over",78.7,-1.625,0.254777070063694,78.925
"583",2015-10-01,"Q4",2015,"65_years_and_over",79.3,-0.251572327044025,0.762388818297333,78.875
"584",2016-01-01,"Q1",2016,"65_years_and_over",78.8,-0.253164556962027,-0.630517023959642,78.825
"585",2016-04-01,"Q2",2016,"65_years_and_over",77.9,-0.764331210191072,-1.14213197969542,78.675
"586",2016-07-01,"Q3",2016,"65_years_and_over",79,0.381194409148655,1.41206675224645,78.75
"587",2016-10-01,"Q4",2016,"65_years_and_over",79.5,0.252206809583866,0.632911392405067,78.8
"588",2017-01-01,"Q1",2017,"65_years_and_over",78.6,-0.253807106598991,-1.13207547169812,78.75
"589",2017-04-01,"Q2",2017,"65_years_and_over",78.2,0.385109114249027,-0.508905852417296,78.825
"590",2017-07-01,"Q3",2017,"65_years_and_over",78.9,-0.126582278481002,0.895140664961636,78.8
"591",2017-10-01,"Q4",2017,"65_years_and_over",79.2,-0.377358490566038,0.380228136882121,78.725
"592",2018-01-01,"Q1",2018,"65_years_and_over",78.5,-0.127226463104313,-0.883838383838387,78.7
"593",2018-04-01,"Q2",2018,"65_years_and_over",78,-0.255754475703329,-0.636942675159236,78.65
"594",2018-07-01,"Q3",2018,"65_years_and_over",78.6,-0.380228136882144,0.769230769230766,78.575
